﻿Datetime,YoutubeID,Comments,Ratings
35:48.7,https://www.youtube.com/watch?v=C8etd2ujtKY,이번 선례로 다시는 이런 일이 없었으면 좋겠네요,4
37:53.8,https://www.youtube.com/watch?v=5IeJ8Lnb6mo,이지영 선생님 덕분에 수능 시험에서 잘 볼 수 있었어요 진짜 레전드,4
45:07.5,https://www.youtube.com/watch?v=Q3irgGha6Bc,윤후 너무 너무 잘 컸다 목소리 굵어지고 몸만 컸네,2
49:02.4,https://www.youtube.com/watch?v=JKJPfAFJqf4,방송 카메라인데도 남매가 최고네 유튜브에서 재밌게 보는 채널 중 하나에요,4
09:16.4,https://www.youtube.com/watch?v=CtIF0fwt7Ck,트와이스 다 예쁘다 노래도 완전 좋아,5
21:18.2,https://www.youtube.com/watch?v=8lxSSmKMv4U,골목 식당 방송에 나와서 노력없이 레시피만 원했나보다 ,5
2021-12-21 07:01:54.066769,https://www.youtube.com/watch?v=V63U3pNUZxI,아이키 언니 응원해요,3
2021-12-21 07:11:56.544956,https://www.youtube.com/watch?v=anJhr-94xd4,민국이 진짜 귀엽다 ,3
